id,nama_lengkap,email,produk,jumlah_pembelian,tangga_transaksi
1,Flynn Fontel,ffontel0@digg.com,speaker,45,12/31/2023
2,Samson Ayshford,sayshford1@irs.gov,komputer,40,12/6/2024
3,Veriee MacPeice,vmacpeice2@intel.com,Headset,36,1/30/2024
4,Fulton Donizeau,fdonizeau3@ezinearticles.com,webcam,19,5/25/2024
5,Hirsch O'Hegertie,hohegertie4@statcounter.com,samrtphone,2,12/1/2023
6,Lianna MacCome,lmaccome5@etsy.com,mouse,26,2/29/2024
7,Daune Borgars,dborgars6@narod.ru,webcam,30,2/28/2024
8,Joice Aldrich,jaldrich7@ft.com,keyboard,23,1/1/2024
9,Lotte Claesens,lclaesens8@dion.ne.jp,microphone,20,1/22/2024
10,Doreen Bree,dbree9@abc.net.au,komputer,3,6/2/2024
11,Karoline Rea,kreaa@smh.com.au,mouse,28,9/13/2024
12,Karrah Skitral,kskitralb@soundcloud.com,webcam,17,4/24/2024
13,Timothy Firmager,tfirmagerc@huffingtonpost.com,samrtphone,42,3/16/2024
14,Ichabod Benford,ibenfordd@wsj.com,microphone,13,12/8/2023
15,Alvera Seleway,aselewaye@csmonitor.com,microphone,1,11/25/2024
16,Bord Chipchase,bchipchasef@4shared.com,speaker,13,6/22/2024
17,Addy Wallentin,awallenting@weather.com,Laptop,13,1/15/2024
18,Phoebe Espadater,pespadaterh@forbes.com,speaker,7,5/14/2024
19,Tracie Dunnion,tdunnioni@amazon.com,keyboard,30,10/16/2024
20,Jock Rookeby,jrookebyj@infoseek.co.jp,microphone,3,1/5/2024
21,Gordan Suffe,gsuffek@msu.edu,komputer,10,5/20/2024
22,Wendi Lester,wlesterl@naver.com,Headset,24,5/14/2024
23,Byron Niave,bniavem@answers.com,webcam,14,2/27/2024
24,Ellette Rozet,erozetn@clickbank.net,samrtphone,31,2/23/2024
25,Lian Morgen,lmorgeno@cbsnews.com,Headset,42,4/1/2024
26,Nona Spata,nspatap@smugmug.com,Headset,45,3/20/2024
27,Nissy Schaffel,nschaffelq@sitemeter.com,keyboard,27,4/22/2024
28,Merlina Hurford,mhurfordr@microsoft.com,keyboard,47,5/6/2024
29,Rich Schneidau,rschneidaus@pbs.org,Headset,22,7/23/2024
30,Darrelle Degan,ddegant@whitehouse.gov,samrtphone,24,2/5/2024
31,Maxwell Mayston,mmaystonu@nymag.com,webcam,10,2/13/2024
32,Osmond Spaduzza,ospaduzzav@paginegialle.it,mouse,18,11/26/2024
33,Dion Bubear,dbubearw@fda.gov,keyboard,37,7/2/2024
34,Helenelizabeth Bywaters,hbywatersx@w3.org,mouse,34,12/11/2023
35,Rod Idney,ridneyy@naver.com,keyboard,36,4/19/2024
36,Ariela O' Liddy,aoz@google.com.hk,webcam,13,8/6/2024
37,Uriel Dedenham,udedenham10@live.com,speaker,3,4/15/2024
38,Arlena Macci,amacci11@arstechnica.com,speaker,6,12/15/2023
39,Kahlil Coulter,kcoulter12@odnoklassniki.ru,microphone,13,4/17/2024
40,Allister Tatchell,atatchell13@yolasite.com,samrtphone,24,2/18/2024
41,Lana Gockeler,lgockeler14@e-recht24.de,samrtphone,28,2/1/2024
42,Byrom Cuddon,bcuddon15@booking.com,Headset,13,2/1/2024
43,Foster Matuszyk,fmatuszyk16@barnesandnoble.com,Headset,32,12/1/2023
44,Misti Marfell,mmarfell17@pen.io,komputer,45,8/3/2024
45,Caron Eardley,ceardley18@toplist.cz,webcam,3,4/8/2024
46,Roxi Crannach,rcrannach19@cocolog-nifty.com,speaker,5,6/25/2024
47,Averil Lunck,alunck1a@youtube.com,mouse,3,3/12/2024
48,Royce Millhouse,rmillhouse1b@mayoclinic.com,keyboard,42,4/27/2024
49,Tymon Daine,tdaine1c@360.cn,mouse,12,8/15/2024
50,Port Siddell,psiddell1d@123-reg.co.uk,Laptop,4,5/30/2024
51,Iain Rowsell,irowsell1e@plala.or.jp,mouse,38,4/1/2024
52,Gibby Lyford,glyford1f@bloomberg.com,Laptop,29,8/29/2024
53,Carlyle Hanney,channey1g@about.me,keyboard,9,5/12/2024
54,Erroll Ferrolli,eferrolli1h@woothemes.com,microphone,25,4/26/2024
55,Brady Stoffels,bstoffels1i@ning.com,microphone,27,7/5/2024
56,Eachelle Murfett,emurfett1j@newsvine.com,webcam,44,9/5/2024
57,Melosa Loidl,mloidl1k@goo.ne.jp,speaker,49,3/24/2024
58,Bobette Lyall,blyall1l@people.com.cn,samrtphone,29,3/28/2024
59,Barbee Bertomeu,bbertomeu1m@state.tx.us,Headset,1,10/16/2024
60,Eleni Toman,etoman1n@un.org,mouse,21,1/10/2024
61,Homere Seamons,hseamons1o@theglobeandmail.com,mouse,46,8/12/2024
62,Rennie Cardinale,rcardinale1p@businesswire.com,samrtphone,17,2/2/2024
63,Eduard Kerton,ekerton1q@sphinn.com,keyboard,40,4/8/2024
64,Killian Pomphrett,kpomphrett1r@google.ca,Headset,49,11/12/2024
65,Jakie Rawcliffe,jrawcliffe1s@e-recht24.de,webcam,40,10/21/2024
66,Tabina Coxall,tcoxall1t@loc.gov,Laptop,17,7/29/2024
67,Shelby Morison,smorison1u@qq.com,mouse,8,5/29/2024
68,Obie Daines,odaines1v@sbwire.com,komputer,22,6/23/2024
69,Gayelord Giannotti,ggiannotti1w@jalbum.net,mouse,4,6/11/2024
70,Percy Lownds,plownds1x@indiatimes.com,keyboard,18,3/10/2024
71,Christophe MacGillivrie,cmacgillivrie1y@cnet.com,Laptop,8,7/10/2024
72,Liz Lanktree,llanktree1z@rambler.ru,keyboard,10,3/28/2024
73,Mead Gillice,mgillice20@yolasite.com,microphone,20,7/29/2024
74,Hedy Hevey,hhevey21@typepad.com,komputer,36,2/29/2024
75,Haley Algate,halgate22@bbb.org,Laptop,13,12/27/2023
76,Sharity Odde,sodde23@washington.edu,microphone,49,12/3/2024
77,Tarrah Broadfield,tbroadfield24@economist.com,Headset,37,8/25/2024
78,Linc Rowney,lrowney25@drupal.org,webcam,26,1/1/2024
79,Barbaraanne Dowdle,bdowdle26@hp.com,speaker,16,4/7/2024
80,L;urette Bartoli,lbartoli27@ning.com,keyboard,30,12/20/2023
81,Elli Artin,eartin28@forbes.com,komputer,44,3/11/2024
82,Marlo Ludman,mludman29@opensource.org,komputer,43,4/23/2024
83,Guthry Zorn,gzorn2a@taobao.com,samrtphone,19,7/15/2024
84,Hailee Prinne,hprinne2b@pagesperso-orange.fr,speaker,9,2/22/2024
85,Wren Antonomoli,wantonomoli2c@redcross.org,speaker,21,3/21/2024
86,Laurel Wyse,lwyse2d@ted.com,microphone,44,7/13/2024
87,Christabel Redpath,credpath2e@ebay.co.uk,keyboard,47,11/23/2024
88,Anitra Ambroise,aambroise2f@diigo.com,speaker,36,12/2/2023
89,Shep Bruinsma,sbruinsma2g@devhub.com,Headset,33,12/29/2024
90,Dom Sharvill,dsharvill2h@apple.com,samrtphone,43,7/11/2024
91,Mildred Mooring,mmooring2i@wikipedia.org,komputer,1,2/13/2024
92,Fayina Elphick,felphick2j@cmu.edu,mouse,10,4/22/2024
93,Ximenez Hritzko,xhritzko2k@usatoday.com,samrtphone,20,7/7/2024
94,Betteann Tampin,btampin2l@engadget.com,komputer,50,9/4/2024
95,Reuven Polsin,rpolsin2m@flavors.me,Laptop,22,9/20/2024
96,Werner Dorgan,wdorgan2n@wp.com,mouse,28,8/15/2024
97,Augustine Donald,adonald2o@geocities.com,komputer,5,11/21/2024
98,Christabella Harrigan,charrigan2p@berkeley.edu,microphone,13,12/18/2023
99,Amii Betterton,abetterton2q@yelp.com,Headset,8,1/26/2024
100,Marilee Baskwell,mbaskwell2r@eepurl.com,Laptop,15,7/7/2024
101,Georas Norwich,gnorwich2s@histats.com,webcam,10,5/23/2024
102,Paulina Laxe,plaxe2t@google.co.jp,mouse,48,4/25/2024
103,Nicol Strevens,nstrevens2u@bbc.co.uk,microphone,45,3/6/2024
104,Wandie Castanaga,wcastanaga2v@zdnet.com,mouse,12,1/16/2024
105,Wylie Ferminger,wferminger2w@techcrunch.com,samrtphone,36,10/19/2024
106,Keen Roderigo,kroderigo2x@mediafire.com,samrtphone,14,10/10/2024
107,Alphard Itscowicz,aitscowicz2y@google.cn,Laptop,31,3/6/2024
108,Mirella Glave,mglave2z@i2i.jp,samrtphone,24,8/7/2024
109,Leonie Caldecutt,lcaldecutt30@gizmodo.com,Laptop,7,9/29/2024
110,Nanice Glidder,nglidder31@hhs.gov,Laptop,37,3/27/2024
111,Townsend Killingworth,tkillingworth32@ihg.com,webcam,17,1/2/2024
112,Kean Quare,kquare33@blogger.com,samrtphone,43,8/1/2024
113,Andriana Stanlike,astanlike34@edublogs.org,Headset,2,6/19/2024
114,Brant Collingridge,bcollingridge35@guardian.co.uk,Laptop,50,9/19/2024
115,Dewain Elies,delies36@aol.com,Laptop,46,7/16/2024
116,Adda Collete,acollete37@liveinternet.ru,speaker,22,9/13/2024
117,Rori Tacker,rtacker38@umich.edu,Headset,39,8/9/2024
118,Kamilah Dickon,kdickon39@thetimes.co.uk,komputer,43,12/28/2024
119,Siouxie Carluccio,scarluccio3a@cnbc.com,speaker,31,11/29/2024
120,Urbanus Orehead,uorehead3b@independent.co.uk,komputer,26,1/14/2024
121,Nickolas Lobley,nlobley3c@bloglovin.com,microphone,13,2/4/2024
122,Genny Hagston,ghagston3d@cnet.com,speaker,12,10/10/2024
123,Violet Weddeburn - Scrimgeour,vweddeburn3e@mashable.com,Laptop,25,2/20/2024
124,Maddi Ellingford,mellingford3f@google.com.br,keyboard,22,11/28/2024
125,Elvira McMillan,emcmillan3g@jiathis.com,samrtphone,24,1/11/2024
126,Saunders Kornalik,skornalik3h@google.es,speaker,41,11/2/2024
127,Rodie Congreve,rcongreve3i@sphinn.com,komputer,35,2/4/2024
128,Zonnya Tetley,ztetley3j@blogtalkradio.com,Headset,26,4/7/2024
129,Auria Redwing,aredwing3k@google.it,samrtphone,44,4/18/2024
130,Moyna Eginton,meginton3l@soundcloud.com,samrtphone,44,9/17/2024
131,Tina Pearton,tpearton3m@reverbnation.com,Laptop,39,10/20/2024
132,Clem Gribbins,cgribbins3n@hostgator.com,microphone,41,3/7/2024
133,Dick Haggie,dhaggie3o@usnews.com,mouse,24,11/6/2024
134,Dyan Sugg,dsugg3p@fda.gov,microphone,34,4/29/2024
135,Alexio Donne,adonne3q@samsung.com,speaker,3,8/10/2024
136,Scotti Clutterbuck,sclutterbuck3r@walmart.com,keyboard,42,8/13/2024
137,Golda Elleray,gelleray3s@irs.gov,mouse,46,8/11/2024
138,Marlane Spir,mspir3t@auda.org.au,keyboard,42,10/8/2024
139,Ewen Trenam,etrenam3u@photobucket.com,Headset,26,1/7/2024
140,Renie Osband,rosband3v@earthlink.net,mouse,38,1/15/2024
141,Oliy Broomhall,obroomhall3w@usatoday.com,Laptop,1,8/24/2024
142,Julieta Dowtry,jdowtry3x@biglobe.ne.jp,microphone,48,1/30/2024
143,Lutero Gallamore,lgallamore3y@istockphoto.com,speaker,45,12/19/2024
144,Meade Abbe,mabbe3z@unblog.fr,speaker,30,11/20/2024
145,Brody Wingrove,bwingrove40@weather.com,mouse,12,9/11/2024
146,Hilde Goering,hgoering41@cornell.edu,speaker,32,12/20/2023
147,Tedda Ledster,tledster42@columbia.edu,mouse,16,7/27/2024
148,Ludwig Clougher,lclougher43@jigsy.com,microphone,26,3/18/2024
149,Becca Amos,bamos44@chronoengine.com,speaker,40,4/6/2024
150,Allistir Hasney,ahasney45@illinois.edu,keyboard,32,1/28/2024
151,Missie Rottger,mrottger46@woothemes.com,samrtphone,21,11/26/2024
152,Nanete Lackington,nlackington47@jiathis.com,Laptop,35,6/17/2024
153,Sibyl Magog,smagog48@taobao.com,komputer,44,10/20/2024
154,Kitti Yuill,kyuill49@google.cn,mouse,10,4/3/2024
155,Abba Howship,ahowship4a@lulu.com,microphone,38,2/3/2024
156,Brigg Dunsmuir,bdunsmuir4b@tuttocitta.it,webcam,47,12/26/2023
157,Vic Bruffell,vbruffell4c@marketwatch.com,keyboard,12,5/29/2024
158,Vinnie Swadon,vswadon4d@istockphoto.com,samrtphone,47,7/12/2024
159,Harrison Arendt,harendt4e@earthlink.net,mouse,4,12/10/2024
160,Zara Dobson,zdobson4f@msu.edu,komputer,32,1/10/2024
161,Sybille Tessington,stessington4g@flickr.com,webcam,16,7/19/2024
162,Edward Spincke,espincke4h@hugedomains.com,Headset,4,12/13/2024
163,Oralla Cozby,ocozby4i@tamu.edu,microphone,47,12/15/2023
164,Alexis Heineken,aheineken4j@nationalgeographic.com,keyboard,4,6/23/2024
165,Arny Duffan,aduffan4k@ovh.net,speaker,40,10/13/2024
166,Robin Hucker,rhucker4l@unesco.org,mouse,30,12/28/2023
167,Floria Quinnelly,fquinnelly4m@zimbio.com,mouse,21,12/2/2024
168,Pavla Wheelhouse,pwheelhouse4n@disqus.com,komputer,30,6/16/2024
169,Dora Sneezum,dsneezum4o@bluehost.com,microphone,48,7/26/2024
170,Nolan Portlock,nportlock4p@mlb.com,Headset,38,11/11/2024
171,Shaylyn Tomaszewski,stomaszewski4q@cpanel.net,keyboard,26,8/10/2024
172,Sarita Gahan,sgahan4r@ucsd.edu,mouse,23,1/8/2024
173,Blanche Hartrick,bhartrick4s@moonfruit.com,webcam,44,9/19/2024
174,Lindsay St. Clair,lst4t@tumblr.com,komputer,33,2/29/2024
175,Dinah Hariot,dhariot4u@gizmodo.com,microphone,14,2/25/2024
176,Zora Narraway,znarraway4v@jimdo.com,keyboard,28,6/20/2024
177,Norene Vinsen,nvinsen4w@mit.edu,webcam,19,7/16/2024
178,Ardene Pottery,apottery4x@list-manage.com,mouse,20,2/12/2024
179,Daile Appleyard,dappleyard4y@bigcartel.com,Laptop,13,9/2/2024
180,Wiley Guyton,wguyton4z@joomla.org,keyboard,35,3/19/2024
181,Randi Antoniutti,rantoniutti50@chronoengine.com,keyboard,10,2/24/2024
182,Glad McMennum,gmcmennum51@economist.com,keyboard,23,12/29/2023
183,Lorin Crowd,lcrowd52@fda.gov,Laptop,17,11/26/2024
184,Neddy Bravery,nbravery53@time.com,speaker,33,1/12/2024
185,Shep Corless,scorless54@examiner.com,speaker,20,11/11/2024
186,Rafe Galton,rgalton55@yellowpages.com,samrtphone,46,6/29/2024
187,Carlye Gerardi,cgerardi56@phpbb.com,webcam,32,8/15/2024
188,Reggie Bezemer,rbezemer57@freewebs.com,speaker,39,2/18/2024
189,Beatrice Emons,bemons58@photobucket.com,Laptop,37,8/7/2024
190,Cherie Daykin,cdaykin59@hud.gov,samrtphone,43,8/14/2024
191,Aldo Taylot,ataylot5a@google.co.uk,samrtphone,32,1/1/2024
192,Rubi Taffee,rtaffee5b@eventbrite.com,webcam,13,1/15/2024
193,Letti Nobles,lnobles5c@phpbb.com,webcam,2,12/21/2024
194,Geno Brissard,gbrissard5d@ed.gov,Headset,11,6/5/2024
195,Oralla Chalcot,ochalcot5e@sakura.ne.jp,mouse,34,3/9/2024
196,Kelley Chippin,kchippin5f@artisteer.com,mouse,2,6/3/2024
197,Victoria Ferrelli,vferrelli5g@twitpic.com,mouse,8,12/3/2023
198,Edythe MacSween,emacsween5h@github.io,komputer,14,10/31/2024
199,Casandra Swaite,cswaite5i@ihg.com,samrtphone,36,1/10/2024
200,Dennison MacCrossan,dmaccrossan5j@gravatar.com,microphone,45,1/28/2024
201,Sylvan Dunsleve,sdunsleve5k@ucsd.edu,mouse,7,12/14/2024
202,Isadora Byart,ibyart5l@wiley.com,webcam,28,9/7/2024
203,Giff Minet,gminet5m@ted.com,mouse,8,12/3/2023
204,Danila Juschka,djuschka5n@cargocollective.com,Laptop,49,12/26/2024
205,Godfrey Glowacha,gglowacha5o@aol.com,webcam,13,7/5/2024
206,Euell Emblem,eemblem5p@cyberchimps.com,speaker,35,1/23/2024
207,Humbert Kenforth,hkenforth5q@youtu.be,komputer,12,6/25/2024
208,Jolynn Barbier,jbarbier5r@furl.net,webcam,18,6/6/2024
209,Adella Mewhirter,amewhirter5s@economist.com,Headset,11,6/22/2024
210,Mendie Ommundsen,mommundsen5t@feedburner.com,samrtphone,23,1/8/2024
211,Bayard Battabee,bbattabee5u@whitehouse.gov,Laptop,9,8/29/2024
212,Fan Pesak,fpesak5v@rediff.com,microphone,48,9/19/2024
213,Neile Maltster,nmaltster5w@utexas.edu,keyboard,24,9/12/2024
214,Friedrich Bulgen,fbulgen5x@xrea.com,keyboard,39,11/24/2024
215,Wiatt Tollit,wtollit5y@deliciousdays.com,webcam,2,4/17/2024
216,Alley Sandifer,asandifer5z@newsvine.com,microphone,20,2/22/2024
217,Ingunna Ackhurst,iackhurst60@nba.com,Headset,2,11/12/2024
218,Bari Viste,bviste61@networksolutions.com,Laptop,11,4/24/2024
219,Mabel Leavesley,mleavesley62@vkontakte.ru,Headset,50,7/10/2024
220,Ivett Enderson,ienderson63@europa.eu,Laptop,34,1/8/2024
221,Chevy Richardeau,crichardeau64@weebly.com,webcam,27,10/11/2024
222,Orrin Gregori,ogregori65@google.de,komputer,20,9/28/2024
223,Giana Bettley,gbettley66@joomla.org,mouse,19,6/17/2024
224,Joey Aaron,jaaron67@t-online.de,Laptop,5,2/20/2024
225,Dion Willishire,dwillishire68@taobao.com,webcam,50,6/9/2024
226,Liesa McAnulty,lmcanulty69@godaddy.com,samrtphone,5,1/31/2024
227,Maurise Powe,mpowe6a@ning.com,microphone,21,3/17/2024
228,Brien Isaksen,bisaksen6b@woothemes.com,Laptop,37,2/12/2024
229,Bonnee Lurcock,blurcock6c@toplist.cz,mouse,23,2/10/2024
230,Cal Severs,csevers6d@vimeo.com,webcam,25,12/29/2023
231,Terrie Rao,trao6e@npr.org,microphone,17,7/28/2024
232,Buiron Wynch,bwynch6f@csmonitor.com,webcam,48,5/29/2024
233,Mirabel Hardwin,mhardwin6g@google.co.jp,speaker,39,3/29/2024
234,Lindie Roset,lroset6h@xrea.com,mouse,30,6/10/2024
235,Cyrillus Adlem,cadlem6i@skype.com,microphone,42,1/25/2024
236,Padriac Lysons,plysons6j@friendfeed.com,samrtphone,47,5/28/2024
237,Aldin Coppenhall,acoppenhall6k@phpbb.com,Headset,9,3/13/2024
238,Blisse Woltering,bwoltering6l@myspace.com,Laptop,44,3/15/2024
239,Charleen Jeyes,cjeyes6m@geocities.com,mouse,9,6/28/2024
240,Prince Harrigan,pharrigan6n@360.cn,komputer,21,12/9/2024
241,Dunn Putten,dputten6o@gov.uk,webcam,6,12/20/2023
242,Anallese Gooding,agooding6p@github.com,Laptop,40,12/26/2023
243,Joycelin Probets,jprobets6q@people.com.cn,microphone,49,11/25/2024
244,Elbertina Scholz,escholz6r@cam.ac.uk,microphone,37,6/28/2024
245,Krista McMennum,kmcmennum6s@cbslocal.com,webcam,23,4/5/2024
246,Abbe Maddyson,amaddyson6t@vistaprint.com,webcam,6,5/20/2024
247,Callie Mateo,cmateo6u@apple.com,keyboard,9,7/9/2024
248,Benn Grimbleby,bgrimbleby6v@etsy.com,samrtphone,18,1/26/2024
249,Aliza D'Aulby,adaulby6w@bravesites.com,microphone,24,12/8/2023
250,Bartel Wyse,bwyse6x@uol.com.br,Laptop,3,4/21/2024
251,Niles Fallanche,nfallanche6y@springer.com,komputer,19,9/9/2024
252,Moe Hubbucke,mhubbucke6z@sphinn.com,samrtphone,42,4/4/2024
253,Jacquelynn Moynihan,jmoynihan70@dailymotion.com,microphone,2,7/18/2024
254,Kalie Fresson,kfresson71@google.co.uk,Headset,25,11/10/2024
255,Laurent Peake,lpeake72@nymag.com,Laptop,36,9/6/2024
256,Rickey Measor,rmeasor73@smugmug.com,keyboard,7,6/15/2024
257,Johnath Walthew,jwalthew74@harvard.edu,mouse,16,4/19/2024
258,Zollie Scutching,zscutching75@toplist.cz,Laptop,2,3/28/2024
259,Kalindi Papaminas,kpapaminas76@sfgate.com,keyboard,41,11/7/2024
260,Mair Brownbridge,mbrownbridge77@is.gd,mouse,12,3/28/2024
261,Martguerita Birtle,mbirtle78@house.gov,webcam,11,5/31/2024
262,Shauna Mathie,smathie79@wikipedia.org,microphone,39,8/20/2024
263,Gavin Hinstridge,ghinstridge7a@purevolume.com,Headset,41,2/22/2024
264,Ezechiel Peter,epeter7b@linkedin.com,Laptop,6,2/23/2024
265,Kylie Proughten,kproughten7c@usgs.gov,samrtphone,17,10/2/2024
266,Sebastian Kunath,skunath7d@techcrunch.com,Headset,22,5/24/2024
267,Sheila Mityushkin,smityushkin7e@mashable.com,Laptop,24,4/8/2024
268,Gus O' Timony,go7f@g.co,samrtphone,49,7/14/2024
269,Ferdinand Portriss,fportriss7g@google.com,Headset,1,12/26/2024
270,Shena Renihan,srenihan7h@ibm.com,webcam,9,6/23/2024
271,Merle Betun,mbetun7i@noaa.gov,webcam,35,12/15/2024
272,Bellina Boykett,bboykett7j@cnbc.com,Laptop,36,1/17/2024
273,Horatius Akerman,hakerman7k@rakuten.co.jp,komputer,48,1/8/2024
274,Staffard Baser,sbaser7l@whitehouse.gov,samrtphone,42,4/28/2024
275,Masha Lydiate,mlydiate7m@slideshare.net,keyboard,15,5/29/2024
276,Arabella Hessle,ahessle7n@creativecommons.org,komputer,3,2/24/2024
277,Nertie Fishpond,nfishpond7o@ed.gov,speaker,8,5/18/2024
278,Joyce Zanolli,jzanolli7p@tmall.com,keyboard,48,9/15/2024
279,Morris Popham,mpopham7q@ovh.net,microphone,11,3/7/2024
280,Heinrik Toman,htoman7r@businesswire.com,mouse,13,3/2/2024
281,Patin Jolliff,pjolliff7s@npr.org,mouse,10,9/3/2024
282,Jervis Tant,jtant7t@uol.com.br,Laptop,34,2/9/2024
283,Malia Readie,mreadie7u@xrea.com,komputer,43,2/8/2024
284,Farlie Nussii,fnussii7v@mozilla.org,Laptop,50,9/18/2024
285,Freddi Sybry,fsybry7w@istockphoto.com,Laptop,49,5/30/2024
286,Em Renshell,erenshell7x@go.com,webcam,18,12/15/2023
287,Ginnie Woolfenden,gwoolfenden7y@bluehost.com,webcam,48,12/12/2023
288,Denna Kellington,dkellington7z@businessweek.com,webcam,20,12/24/2024
289,Rakel Hakewell,rhakewell80@yahoo.com,mouse,20,1/24/2024
290,Dorene Helin,dhelin81@reference.com,Headset,49,2/7/2024
291,Corella Screen,cscreen82@java.com,microphone,6,10/22/2024
292,Bernelle Munnion,bmunnion83@a8.net,Headset,50,12/22/2024
293,Marmaduke O'Hannigan,mohannigan84@eventbrite.com,Laptop,5,10/11/2024
294,Angelle Lantaph,alantaph85@bloomberg.com,Headset,38,12/22/2024
295,Ashlee Ogelbe,aogelbe86@yellowbook.com,komputer,22,5/12/2024
296,Lon Windham,lwindham87@wikipedia.org,samrtphone,19,5/2/2024
297,Kearney Kenderdine,kkenderdine88@epa.gov,Headset,20,9/19/2024
298,Garrek Bucknall,gbucknall89@techcrunch.com,mouse,46,9/23/2024
299,Costa O'Crevy,cocrevy8a@elegantthemes.com,Headset,30,12/8/2023
300,Bartlet McDill,bmcdill8b@blogtalkradio.com,keyboard,34,7/1/2024
301,Cord Gieves,cgieves8c@mapy.cz,Headset,19,6/21/2024
302,Evangelia Ilchuk,eilchuk8d@salon.com,webcam,49,9/18/2024
303,Oliver Kennett,okennett8e@hp.com,webcam,25,2/13/2024
304,Foster Rabidge,frabidge8f@free.fr,samrtphone,34,10/19/2024
305,Sara-ann Van Velde,svan8g@bing.com,mouse,11,12/4/2023
306,Kaycee Baxster,kbaxster8h@360.cn,webcam,47,2/7/2024
307,Melisa Marron,mmarron8i@pinterest.com,komputer,42,10/8/2024
308,Thea Collaton,tcollaton8j@theglobeandmail.com,microphone,38,3/28/2024
309,Rebe Kliemke,rkliemke8k@twitpic.com,Laptop,19,7/16/2024
310,Von Sanper,vsanper8l@creativecommons.org,speaker,46,8/8/2024
311,Ivie Odeson,iodeson8m@guardian.co.uk,speaker,25,8/6/2024
312,Albie Langthorne,alangthorne8n@t.co,mouse,18,4/3/2024
313,Tawsha Chesters,tchesters8o@blog.com,keyboard,28,9/24/2024
314,Beaufort Marian,bmarian8p@weather.com,Headset,49,10/8/2024
315,Frances Kenealy,fkenealy8q@amazon.co.uk,mouse,35,3/29/2024
316,Griselda Lowsely,glowsely8r@adobe.com,keyboard,27,9/4/2024
317,Lolly Tozer,ltozer8s@qq.com,microphone,28,12/7/2024
318,Henka McGroarty,hmcgroarty8t@wisc.edu,webcam,18,8/18/2024
319,Corinna Reek,creek8u@bing.com,komputer,20,8/18/2024
320,Mickey Syde,msyde8v@toplist.cz,mouse,2,11/25/2024
321,Chick Berzon,cberzon8w@baidu.com,mouse,34,4/18/2024
322,Brandon Tantrum,btantrum8x@unicef.org,samrtphone,18,4/17/2024
323,Bil Hollingdale,bhollingdale8y@liveinternet.ru,keyboard,40,1/13/2024
324,Binnie Ewebank,bewebank8z@mozilla.com,speaker,3,10/13/2024
325,Moyra Sallter,msallter90@pinterest.com,keyboard,27,7/29/2024
326,Maddie Roderighi,mroderighi91@bandcamp.com,komputer,18,1/4/2024
327,Nikita Hansberry,nhansberry92@jimdo.com,samrtphone,6,3/15/2024
328,Filippo Cuncarr,fcuncarr93@yolasite.com,komputer,16,11/27/2024
329,Beverlee Jimson,bjimson94@macromedia.com,webcam,48,9/7/2024
330,Arte Stilly,astilly95@miitbeian.gov.cn,komputer,41,3/22/2024
331,Patin Philpin,pphilpin96@youtu.be,samrtphone,38,3/10/2024
332,Diane-marie Chantrell,dchantrell97@cnn.com,keyboard,7,12/8/2023
333,Araldo Molesworth,amolesworth98@privacy.gov.au,webcam,29,6/19/2024
334,Ethe Baunton,ebaunton99@flickr.com,speaker,5,2/24/2024
335,Field Boldison,fboldison9a@devhub.com,komputer,30,4/28/2024
336,Rhea Le Brum,rle9b@yale.edu,komputer,8,6/13/2024
337,Ardenia Waplinton,awaplinton9c@ow.ly,Headset,21,7/24/2024
338,Donnie Semeniuk,dsemeniuk9d@psu.edu,komputer,20,9/11/2024
339,Kellia Harrowing,kharrowing9e@aboutads.info,microphone,21,11/25/2024
340,Beryl Fransewich,bfransewich9f@bloglovin.com,webcam,41,5/17/2024
341,Rakel Shackleford,rshackleford9g@economist.com,mouse,17,6/28/2024
342,Maryrose Chilvers,mchilvers9h@liveinternet.ru,webcam,19,8/6/2024
343,Sadie Bohlin,sbohlin9i@wunderground.com,mouse,50,12/15/2023
344,Mallorie Shildrake,mshildrake9j@state.tx.us,Headset,23,7/29/2024
345,Marga Sparwell,msparwell9k@umn.edu,komputer,48,1/8/2024
346,Charleen Keppie,ckeppie9l@delicious.com,Laptop,48,2/26/2024
347,Burty Crambie,bcrambie9m@linkedin.com,komputer,8,2/26/2024
348,Fifine Bosward,fbosward9n@cdbaby.com,webcam,23,10/19/2024
349,Kevina Spyer,kspyer9o@privacy.gov.au,Laptop,12,9/11/2024
350,Giffard Blofield,gblofield9p@spotify.com,Headset,15,6/20/2024
351,Cilka Broadwell,cbroadwell9q@google.com,Laptop,22,1/26/2024
352,Quillan Cescon,qcescon9r@pbs.org,keyboard,33,6/12/2024
353,Brok Sturman,bsturman9s@webnode.com,Laptop,50,7/25/2024
354,Patric McCully,pmccully9t@constantcontact.com,komputer,32,12/7/2024
355,Benji Tramel,btramel9u@artisteer.com,webcam,9,8/4/2024
356,Nevil Land,nland9v@sohu.com,speaker,14,12/22/2024
357,Carlee Ibbett,cibbett9w@wikia.com,komputer,24,5/16/2024
358,Louella Poxton,lpoxton9x@sohu.com,speaker,49,4/30/2024
359,Jacky Bradtke,jbradtke9y@auda.org.au,Laptop,38,1/15/2024
360,Juline Lamburn,jlamburn9z@vinaora.com,Laptop,41,3/5/2024
361,Angela Janaszkiewicz,ajanaszkiewicza0@admin.ch,Headset,35,2/17/2024
362,Alyson Coade,acoadea1@quantcast.com,speaker,43,4/14/2024
363,Markos Kirby,mkirbya2@usa.gov,Laptop,40,11/18/2024
364,Gertie Oldacres,goldacresa3@craigslist.org,Laptop,4,5/25/2024
365,Vanya Maxwell,vmaxwella4@trellian.com,Laptop,31,11/4/2024
366,Barbra Boughtflower,bboughtflowera5@google.co.uk,samrtphone,43,9/5/2024
367,Skyler Moles,smolesa6@google.com.hk,Headset,29,10/17/2024
368,Colas Pech,cpecha7@meetup.com,Headset,33,7/29/2024
369,Mignon Itzcovichch,mitzcovichcha8@nps.gov,Laptop,13,12/4/2024
370,Tally Luck,tlucka9@tinypic.com,speaker,14,9/6/2024
371,Woodrow Halliwell,whalliwellaa@mediafire.com,webcam,18,6/25/2024
372,Jori Stonary,jstonaryab@hugedomains.com,microphone,30,2/19/2024
373,Templeton Readie,treadieac@51.la,speaker,17,12/7/2024
374,Brendin Parell,bparellad@t.co,samrtphone,16,1/12/2024
375,Eulalie Aveling,eavelingae@hp.com,keyboard,38,7/2/2024
376,Cesare Rawll,crawllaf@cmu.edu,webcam,30,5/1/2024
377,Ruthi Quaif,rquaifag@rakuten.co.jp,Headset,36,5/27/2024
378,Ophelie Whelband,owhelbandah@skyrock.com,komputer,43,6/16/2024
379,Temple Brabin,tbrabinai@nbcnews.com,speaker,31,2/8/2024
380,Bevin Vize,bvizeaj@infoseek.co.jp,komputer,27,7/22/2024
381,Paul Rosel,proselak@earthlink.net,keyboard,43,12/2/2023
382,Uriah Hazle,uhazleal@blogs.com,mouse,13,9/13/2024
383,Megen Mauro,mmauroam@photobucket.com,samrtphone,23,11/22/2024
384,Dwight Broscombe,dbroscombean@geocities.jp,keyboard,32,1/5/2024
385,Corby Fabbri,cfabbriao@java.com,mouse,33,5/27/2024
386,Caren Leahair,cleahairap@vimeo.com,komputer,36,2/5/2024
387,Ginevra Brownlea,gbrownleaaq@g.co,Headset,23,3/25/2024
388,Adelbert Hurndall,ahurndallar@feedburner.com,komputer,32,6/28/2024
389,Appolonia Paireman,apairemanas@who.int,Laptop,47,11/28/2024
390,Jaime O'Sheils,josheilsat@intel.com,samrtphone,26,3/5/2024
391,Dani Cornilleau,dcornilleauau@newsvine.com,Headset,34,11/2/2024
392,Edvard Mockford,emockfordav@chronoengine.com,komputer,44,9/11/2024
393,Andrea Revey,areveyaw@foxnews.com,komputer,19,11/3/2024
394,Addie Shankle,ashankleax@chronoengine.com,komputer,2,11/10/2024
395,Michaeline Pauer,mpaueray@icq.com,microphone,14,9/5/2024
396,Marion Robbel,mrobbelaz@about.me,mouse,46,5/24/2024
397,Angelica Clemson,aclemsonb0@wired.com,keyboard,44,4/12/2024
398,Bonnie Standon,bstandonb1@ocn.ne.jp,samrtphone,39,3/1/2024
399,Pamelina Aisbett,paisbettb2@hhs.gov,Headset,8,2/25/2024
400,Thornton Beecheno,tbeechenob3@yelp.com,webcam,39,11/5/2024
401,Nickola De Brett,ndeb4@typepad.com,komputer,34,7/4/2024
402,Ruttger Cubitt,rcubittb5@bloglines.com,keyboard,28,3/26/2024
403,Temp Glowacha,tglowachab6@bandcamp.com,samrtphone,47,7/10/2024
404,Carline Line,clineb7@wix.com,komputer,41,5/20/2024
405,Joni Rowlson,jrowlsonb8@acquirethisname.com,Headset,42,12/1/2023
406,Glory Silwood,gsilwoodb9@apple.com,komputer,47,3/21/2024
407,Nedi Phython,nphythonba@infoseek.co.jp,speaker,27,4/14/2024
408,Bucky Wallenger,bwallengerbb@oracle.com,mouse,37,12/26/2024
409,Evvy Mettericke,emetterickebc@huffingtonpost.com,samrtphone,50,2/9/2024
410,Robyn Kleszinski,rkleszinskibd@ameblo.jp,samrtphone,33,4/22/2024
411,Kally Jennaway,kjennawaybe@yelp.com,microphone,46,3/18/2024
412,Hy Hannabuss,hhannabussbf@hugedomains.com,mouse,40,9/30/2024
413,Osgood Plaxton,oplaxtonbg@t.co,speaker,35,11/25/2024
414,Kristoforo Noden,knodenbh@example.com,webcam,1,12/21/2023
415,Elinor Storrs,estorrsbi@disqus.com,samrtphone,16,12/9/2023
416,Morgen MacAskie,mmacaskiebj@zdnet.com,webcam,28,1/29/2024
417,Cobby Dorning,cdorningbk@mashable.com,samrtphone,16,11/9/2024
418,Evey Archibald,earchibaldbl@jugem.jp,keyboard,44,8/11/2024
419,Kristi Smythe,ksmythebm@icq.com,microphone,33,5/22/2024
420,Celisse Backman,cbackmanbn@utexas.edu,mouse,50,12/14/2023
421,Farrand Gillis,fgillisbo@altervista.org,komputer,41,12/28/2024
422,Logan Billingsly,lbillingslybp@wiley.com,Headset,46,5/26/2024
423,Jessalyn Schneidau,jschneidaubq@psu.edu,Laptop,17,3/24/2024
424,Esma McGaw,emcgawbr@bizjournals.com,keyboard,26,10/31/2024
425,Cart McMillian,cmcmillianbs@shutterfly.com,komputer,16,2/5/2024
426,Aldwin Aubury,aauburybt@whitehouse.gov,samrtphone,50,10/28/2024
427,Gaspard Menlove,gmenlovebu@rediff.com,speaker,28,11/15/2024
428,Manda Klimes,mklimesbv@nationalgeographic.com,komputer,8,9/8/2024
429,Martie Davern,mdavernbw@cyberchimps.com,speaker,49,11/18/2024
430,Jeddy Garrioch,jgarriochbx@youtu.be,samrtphone,45,12/31/2023
431,Zara Lawland,zlawlandby@1und1.de,microphone,41,12/27/2024
432,Nappy MacAllester,nmacallesterbz@wunderground.com,Headset,25,4/26/2024
433,Rayshell Counter,rcounterc0@blogtalkradio.com,webcam,7,12/3/2023
434,Skylar Fessby,sfessbyc1@slashdot.org,mouse,40,12/21/2023
435,Angelika Orrom,aorromc2@house.gov,Headset,3,9/25/2024
436,Adrianne Kirkbright,akirkbrightc3@wsj.com,webcam,21,3/5/2024
437,Homerus Saturley,hsaturleyc4@ezinearticles.com,Headset,19,7/9/2024
438,Aurelea Schaumaker,aschaumakerc5@kickstarter.com,keyboard,50,2/2/2024
439,Kahlil Axtens,kaxtensc6@godaddy.com,Laptop,15,6/20/2024
440,Sophia Bramo,sbramoc7@virginia.edu,microphone,48,2/20/2024
441,Kevin Alvarado,kalvaradoc8@craigslist.org,Laptop,7,7/25/2024
442,Cordy Margrett,cmargrettc9@msn.com,mouse,46,4/10/2024
443,Hermy Tansley,htansleyca@mapy.cz,Laptop,34,5/1/2024
444,Brod Ducket,bducketcb@apache.org,microphone,47,2/13/2024
445,Hoyt Whyborne,hwhybornecc@list-manage.com,microphone,14,10/31/2024
446,Sibylle Gebb,sgebbcd@g.co,Headset,44,7/9/2024
447,Gerty Lackie,glackiece@vistaprint.com,keyboard,26,6/23/2024
448,Denise Skeldinge,dskeldingecf@hud.gov,speaker,24,9/22/2024
449,Faunie Seaking,fseakingcg@jalbum.net,speaker,31,12/11/2023
450,Bonny Lowdwell,blowdwellch@i2i.jp,mouse,28,7/2/2024
451,Pavla Saphir,psaphirci@prlog.org,Laptop,43,6/15/2024
452,Berne Boschmann,bboschmanncj@storify.com,microphone,50,7/19/2024
453,Willard Wisby,wwisbyck@elpais.com,mouse,18,8/2/2024
454,Helenelizabeth Eastment,heastmentcl@bing.com,Laptop,38,9/1/2024
455,Celle McCurtin,cmccurtincm@mysql.com,keyboard,34,5/24/2024
456,Estella Wedmore.,ewedmorecn@usgs.gov,Headset,48,1/1/2024
457,Skipp Accum,saccumco@cam.ac.uk,mouse,35,1/15/2024
458,Mag Bread,mbreadcp@blog.com,keyboard,11,8/9/2024
459,Tommy Baert,tbaertcq@digg.com,Laptop,30,10/4/2024
460,Syman Lanigan,slanigancr@amazon.com,speaker,1,11/26/2024
461,Tyler Coulman,tcoulmancs@msu.edu,speaker,28,7/25/2024
462,Nannie Halwood,nhalwoodct@ow.ly,komputer,50,5/31/2024
463,Tess Venable,tvenablecu@omniture.com,keyboard,48,5/8/2024
464,Wallace LeEstut,wleestutcv@unicef.org,webcam,45,1/28/2024
465,Frasier Paulus,fpauluscw@dmoz.org,samrtphone,29,1/6/2024
466,Hildy Wallwood,hwallwoodcx@google.de,webcam,38,1/7/2024
467,Colman Faudrie,cfaudriecy@studiopress.com,webcam,13,4/27/2024
468,Belicia Harnetty,bharnettycz@newsvine.com,keyboard,26,5/13/2024
469,Kial Fairtlough,kfairtloughd0@posterous.com,microphone,34,3/30/2024
470,Chan Streater,cstreaterd1@foxnews.com,keyboard,43,12/1/2023
471,Maureen Djorvic,mdjorvicd2@sciencedirect.com,Headset,14,12/25/2023
472,Jamesy Meehan,jmeehand3@army.mil,komputer,26,4/2/2024
473,Westbrook Trowler,wtrowlerd4@smugmug.com,samrtphone,35,11/29/2024
474,Arnold Menel,ameneld5@go.com,samrtphone,23,9/18/2024
475,Peria Grigorini,pgrigorinid6@purevolume.com,Laptop,41,4/4/2024
476,Dion Le Estut,dled7@google.co.jp,komputer,22,3/26/2024
477,Hedvig Wankel,hwankeld8@icio.us,microphone,13,3/12/2024
478,Allard Aubrey,aaubreyd9@people.com.cn,Laptop,38,5/22/2024
479,Angil Bianco,abiancoda@dell.com,Headset,18,12/3/2023
480,Betteanne Thickin,bthickindb@merriam-webster.com,webcam,18,1/28/2024
481,Turner Pummell,tpummelldc@wisc.edu,komputer,21,10/21/2024
482,Casi Lavery,claverydd@wikimedia.org,mouse,22,1/28/2024
483,Heidi Aggas,haggasde@howstuffworks.com,keyboard,6,5/12/2024
484,Teddy Orvis,torvisdf@wisc.edu,microphone,9,8/19/2024
485,Jere Korous,jkorousdg@altervista.org,samrtphone,39,10/31/2024
486,Layne Delea,ldeleadh@theglobeandmail.com,samrtphone,10,5/17/2024
487,Moise Boyat,mboyatdi@dedecms.com,speaker,7,11/21/2024
488,Ferguson Muir,fmuirdj@imgur.com,samrtphone,9,6/6/2024
489,Angelia Renard,arenarddk@wikia.com,komputer,12,3/28/2024
490,Nicki Galbreth,ngalbrethdl@who.int,samrtphone,3,1/23/2024
491,Hans Ely,helydm@miitbeian.gov.cn,speaker,37,1/2/2024
492,Tracy Mines,tminesdn@naver.com,mouse,30,5/25/2024
493,Margarete Whitney,mwhitneydo@shutterfly.com,keyboard,7,12/19/2024
494,Gauthier Langham,glanghamdp@networksolutions.com,samrtphone,21,2/2/2024
495,Lawry Scade,lscadedq@shutterfly.com,speaker,3,7/24/2024
496,Dani McCreadie,dmccreadiedr@amazon.co.uk,Laptop,26,2/13/2024
497,Tybalt Nias,tniasds@rambler.ru,komputer,29,7/25/2024
498,Aindrea MacPake,amacpakedt@usda.gov,webcam,44,11/14/2024
499,Warden Hydes,whydesdu@flavors.me,samrtphone,38,7/22/2024
500,Artur Plett,aplettdv@bloomberg.com,Laptop,40,11/17/2024
501,Florance Harmson,fharmsondw@t.co,Laptop,31,10/14/2024
502,Sari Yanele,syaneledx@wiley.com,Laptop,35,3/7/2024
503,Jeanelle McSharry,jmcsharrydy@liveinternet.ru,speaker,33,2/20/2024
504,Leeland Patry,lpatrydz@toplist.cz,Headset,13,2/18/2024
505,Damara Davydenko,ddavydenkoe0@meetup.com,Laptop,10,8/22/2024
506,Aubrey Iacabucci,aiacabuccie1@netscape.com,komputer,37,4/12/2024
507,Carny Laugharne,claugharnee2@wunderground.com,webcam,8,6/20/2024
508,Gradeigh Perritt,gperritte3@adobe.com,speaker,4,7/8/2024
509,Stearne Fairnie,sfairniee4@storify.com,webcam,13,2/4/2024
510,Sergio Brimm,sbrimme5@networkadvertising.org,samrtphone,43,6/28/2024
511,Elisha Trenoweth,etrenowethe6@cargocollective.com,mouse,22,6/9/2024
512,Milty Fraczak,mfraczake7@cnbc.com,microphone,8,1/19/2024
513,Devonne Lingfoot,dlingfoote8@goo.gl,Headset,41,2/21/2024
514,Susan Simper,ssimpere9@amazon.co.jp,webcam,30,6/18/2024
515,Mariya Nutbean,mnutbeanea@usa.gov,microphone,42,12/21/2024
516,Cindi Clint,cclinteb@comsenz.com,samrtphone,17,4/21/2024
517,Madlin Prinett,mprinettec@zdnet.com,speaker,42,12/9/2023
518,Cesya Kobpal,ckobpaled@ihg.com,keyboard,11,6/13/2024
519,Jaine Harvett,jharvettee@blinklist.com,microphone,2,3/11/2024
520,Cristiano Surridge,csurridgeef@omniture.com,komputer,40,5/28/2024
521,Deloris Bather,dbathereg@ocn.ne.jp,komputer,18,5/6/2024
522,Teriann Nehls,tnehlseh@intel.com,speaker,50,12/27/2024
523,Dayna Iveson,divesonei@umich.edu,Laptop,26,12/25/2024
524,Mel Dovington,mdovingtonej@printfriendly.com,samrtphone,9,3/19/2024
525,Nicol Lumly,nlumlyek@wufoo.com,Laptop,37,2/24/2024
526,Melba Gaylord,mgaylordel@vkontakte.ru,mouse,41,11/27/2024
527,Reed Beards,rbeardsem@addthis.com,Laptop,4,1/25/2024
528,Pascal Burles,pburlesen@bloomberg.com,microphone,42,8/22/2024
529,Linnet Goodwill,lgoodwilleo@parallels.com,Headset,16,7/6/2024
530,Aguste Corner,acornerep@freewebs.com,webcam,2,10/12/2024
531,Dukey Inglis,dingliseq@elpais.com,microphone,33,9/12/2024
532,Freedman Markovic,fmarkovicer@senate.gov,mouse,17,4/15/2024
533,Everard Cottier,ecottieres@bandcamp.com,microphone,30,12/3/2024
534,Daniele Shreve,dshreveet@mysql.com,webcam,47,6/21/2024
535,Pauli Hargreaves,phargreaveseu@ucsd.edu,speaker,44,3/21/2024
536,Deina Kelner,dkelnerev@dedecms.com,speaker,36,7/23/2024
537,Nettle Gearty,ngeartyew@facebook.com,komputer,31,12/1/2024
538,Blythe Strattan,bstrattanex@ebay.co.uk,samrtphone,20,10/10/2024
539,Geri Karlsen,gkarlseney@dropbox.com,samrtphone,48,7/12/2024
540,Gerhardt Dillingstone,gdillingstoneez@google.com.au,samrtphone,46,8/21/2024
541,Lorinda Westmore,lwestmoref0@tmall.com,webcam,5,7/5/2024
542,Ellissa Squibbes,esquibbesf1@upenn.edu,microphone,36,1/9/2024
543,Jennee Eastbrook,jeastbrookf2@mit.edu,microphone,39,12/10/2023
544,Garland Morton,gmortonf3@wiley.com,microphone,26,12/31/2023
545,Madelene Tarling,mtarlingf4@seesaa.net,microphone,5,12/22/2023
546,Neale Gore,ngoref5@go.com,komputer,44,7/23/2024
547,Barbabas Lengthorn,blengthornf6@mail.ru,samrtphone,11,2/25/2024
548,Crichton Cumberledge,ccumberledgef7@wisc.edu,samrtphone,9,9/9/2024
549,Donnajean Custance,dcustancef8@addtoany.com,microphone,19,10/9/2024
550,Washington Durling,wdurlingf9@symantec.com,webcam,17,7/16/2024
551,Randolph Gobeau,rgobeaufa@uiuc.edu,keyboard,21,9/28/2024
552,Simone Allaway,sallawayfb@bizjournals.com,komputer,43,12/7/2023
553,Asia Mostin,amostinfc@nasa.gov,samrtphone,38,7/17/2024
554,Albertine McSperron,amcsperronfd@etsy.com,microphone,40,10/24/2024
555,Aida O'Cannon,aocannonfe@sohu.com,Laptop,29,6/26/2024
556,Leon Moxson,lmoxsonff@ucsd.edu,webcam,33,9/9/2024
557,Donnajean Wanek,dwanekfg@biblegateway.com,Headset,44,10/13/2024
558,Hurlee Bere,hberefh@example.com,Laptop,37,4/21/2024
559,Mohandas Knotte,mknottefi@ted.com,Laptop,31,1/23/2024
560,Tanya Harbar,tharbarfj@soup.io,webcam,30,12/15/2023
561,Britney Esilmon,besilmonfk@surveymonkey.com,keyboard,16,10/20/2024
562,Lian Belliss,lbellissfl@godaddy.com,webcam,31,3/1/2024
563,Ty Wharf,twharffm@angelfire.com,mouse,43,6/23/2024
564,Brendin Jaksic,bjaksicfn@earthlink.net,Laptop,15,10/31/2024
565,Lemuel Wilmington,lwilmingtonfo@scientificamerican.com,samrtphone,36,10/4/2024
566,Berget Glenton,bglentonfp@indiegogo.com,samrtphone,19,4/21/2024
567,Kaylee Tretwell,ktretwellfq@mapy.cz,keyboard,26,8/4/2024
568,Emilio Dallicott,edallicottfr@tamu.edu,Headset,32,3/16/2024
569,Rasia Norrie,rnorriefs@gravatar.com,keyboard,40,6/25/2024
570,Max Ludmann,mludmannft@blinklist.com,microphone,32,6/3/2024
571,Kelbee Bridewell,kbridewellfu@blogtalkradio.com,komputer,30,4/16/2024
572,Nev Filde,nfildefv@techcrunch.com,Laptop,46,7/13/2024
573,Micki Vedeshkin,mvedeshkinfw@instagram.com,webcam,45,7/23/2024
574,Saraann Barwell,sbarwellfx@msn.com,komputer,44,4/19/2024
575,Mada Boylin,mboylinfy@walmart.com,samrtphone,44,12/10/2023
576,Rex Buscombe,rbuscombefz@blogtalkradio.com,microphone,38,4/29/2024
577,Grover Conklin,gconkling0@theglobeandmail.com,samrtphone,7,8/1/2024
578,Otto Vedenyakin,ovedenyaking1@blogspot.com,samrtphone,44,6/5/2024
579,Siegfried Galey,sgaleyg2@merriam-webster.com,komputer,25,8/20/2024
580,Katherina Veel,kveelg3@unblog.fr,komputer,30,12/23/2024
581,Stacia Drury,sdruryg4@dion.ne.jp,webcam,40,6/5/2024
582,Loreen Dimelow,ldimelowg5@sphinn.com,keyboard,21,7/25/2024
583,Fidelio Kenion,fkeniong6@ed.gov,keyboard,5,7/17/2024
584,Broddy Gludor,bgludorg7@nih.gov,komputer,9,2/4/2024
585,Fiann Haggas,fhaggasg8@com.com,samrtphone,24,12/24/2024
586,Reade Edel,redelg9@youtu.be,keyboard,25,4/14/2024
587,Rae Worsnap,rworsnapga@globo.com,keyboard,3,2/8/2024
588,Giavani Snape,gsnapegb@miitbeian.gov.cn,samrtphone,4,7/12/2024
589,Andrus Leatham,aleathamgc@privacy.gov.au,Laptop,5,5/17/2024
590,Ben Edmunds,bedmundsgd@xrea.com,Laptop,1,7/15/2024
591,Lennard Aulds,lauldsge@jiathis.com,mouse,4,4/22/2024
592,Consuelo Arthy,carthygf@msu.edu,Headset,32,4/8/2024
593,Cristy Carmichael,ccarmichaelgg@house.gov,samrtphone,16,8/12/2024
594,Irwinn Timlett,itimlettgh@usnews.com,webcam,30,5/20/2024
595,Kris Georgeson,kgeorgesongi@blog.com,microphone,27,9/7/2024
596,Babette Chanter,bchantergj@ezinearticles.com,keyboard,31,2/4/2024
597,Caria Paaso,cpaasogk@biglobe.ne.jp,komputer,40,1/21/2024
598,Miran Diprose,mdiprosegl@netvibes.com,microphone,37,4/2/2024
599,Irita Byass,ibyassgm@businessinsider.com,webcam,18,12/2/2023
600,Blancha Pavett,bpavettgn@sogou.com,komputer,25,10/8/2024
601,Kameko Mineghelli,kmineghelligo@utexas.edu,samrtphone,26,9/15/2024
602,Kristan McDavitt,kmcdavittgp@cisco.com,mouse,42,2/10/2024
603,Freeman Henriksson,fhenrikssongq@cdc.gov,mouse,39,5/10/2024
604,Miran Roxburgh,mroxburghgr@tuttocitta.it,Headset,35,12/25/2023
605,Rozanne Donalson,rdonalsongs@twitter.com,microphone,27,2/26/2024
606,Woodie Thames,wthamesgt@addtoany.com,Laptop,38,3/2/2024
607,Lezley Conyers,lconyersgu@sciencedirect.com,webcam,9,10/9/2024
608,Dermot Scarborough,dscarboroughgv@time.com,microphone,25,1/28/2024
609,Noami Okenfold,nokenfoldgw@mashable.com,komputer,21,8/22/2024
610,Petunia Bointon,pbointongx@globo.com,Headset,29,12/15/2023
611,Jacqueline Baudou,jbaudougy@ca.gov,keyboard,10,10/22/2024
612,Penny Maddams,pmaddamsgz@wsj.com,webcam,19,5/15/2024
613,Leela Kira,lkirah0@dailymail.co.uk,microphone,10,6/25/2024
614,Milty Lumber,mlumberh1@ifeng.com,Laptop,6,3/31/2024
615,Bartolemo Girhard,bgirhardh2@unblog.fr,webcam,21,11/25/2024
616,Gery Kinforth,gkinforthh3@nytimes.com,microphone,9,12/4/2023
617,Karina Vasichev,kvasichevh4@bloomberg.com,microphone,2,4/7/2024
618,Breena Winchcomb,bwinchcombh5@merriam-webster.com,Headset,20,3/25/2024
619,Sidonnie Harome,sharomeh6@cocolog-nifty.com,samrtphone,12,5/5/2024
620,Antony Bartlomiej,abartlomiejh7@bloglines.com,samrtphone,39,3/31/2024
621,Obie Battey,obatteyh8@usnews.com,komputer,44,5/18/2024
622,Mia Ellen,mellenh9@skyrock.com,webcam,27,10/8/2024
623,Allene Hallihan,ahallihanha@bbb.org,keyboard,22,6/14/2024
624,Hailey Twelves,htwelveshb@wordpress.org,samrtphone,10,3/21/2024
625,Shellysheldon Dorin,sdorinhc@seattletimes.com,keyboard,20,12/14/2023
626,Willie Josselsohn,wjosselsohnhd@pagesperso-orange.fr,speaker,36,8/13/2024
627,Seth Biner,sbinerhe@wix.com,Laptop,2,10/21/2024
628,Murial Treleaven,mtreleavenhf@ucla.edu,microphone,32,12/3/2023
629,Colas Farady,cfaradyhg@yandex.ru,keyboard,45,7/11/2024
630,Kristal Jollie,kjolliehh@ocn.ne.jp,Headset,23,4/30/2024
631,Letta Tabb,ltabbhi@de.vu,komputer,23,6/10/2024
632,Gill Janeway,gjanewayhj@webs.com,mouse,9,3/4/2024
633,Bailey Stedell,bstedellhk@trellian.com,komputer,49,5/4/2024
634,Kacie Paulmann,kpaulmannhl@elpais.com,microphone,35,11/19/2024
635,Kelvin Pettifer,kpettiferhm@ebay.com,keyboard,35,9/24/2024
636,Phyllida Sweatman,psweatmanhn@ehow.com,mouse,42,11/2/2024
637,Joelly Amthor,jamthorho@unblog.fr,keyboard,45,7/2/2024
638,Sylas Twinbourne,stwinbournehp@sphinn.com,keyboard,26,11/26/2024
639,Evan Piniur,epiniurhq@4shared.com,samrtphone,50,9/13/2024
640,Odilia Biss,obisshr@spiegel.de,Headset,19,9/5/2024
641,Lorri Bellanger,lbellangerhs@free.fr,samrtphone,16,4/9/2024
642,Charlot Bartos,cbartosht@utexas.edu,speaker,26,11/10/2024
643,Jacquenette Seater,jseaterhu@ebay.com,komputer,19,6/7/2024
644,Yolane Mellodey,ymellodeyhv@amazonaws.com,microphone,47,10/10/2024
645,Mead Heinel,mheinelhw@phpbb.com,komputer,38,8/4/2024
646,Obadias Retallick,oretallickhx@ebay.co.uk,microphone,14,10/24/2024
647,Noak Duns,ndunshy@istockphoto.com,Laptop,17,8/16/2024
648,Dulci Kleisle,dkleislehz@discovery.com,speaker,6,1/15/2024
649,Megan Bassam,mbassami0@reuters.com,komputer,33,4/22/2024
650,Merry Dilon,mdiloni1@icq.com,microphone,19,11/11/2024
651,Tuck Meriel,tmerieli2@sciencedirect.com,webcam,16,6/7/2024
652,Tricia Weddup,tweddupi3@nifty.com,keyboard,17,6/14/2024
653,Elfrieda Ludlem,eludlemi4@omniture.com,Headset,30,12/22/2024
654,Ardath Fattore,afattorei5@discuz.net,microphone,36,2/27/2024
655,Raviv Bolte,rboltei6@fotki.com,samrtphone,49,7/9/2024
656,Yasmeen Alcorn,yalcorni7@businessinsider.com,Laptop,39,9/21/2024
657,Gates Meade,gmeadei8@wiley.com,speaker,38,6/12/2024
658,Courtney De Vaar,cdei9@canalblog.com,samrtphone,10,3/13/2024
659,Bernarr Kliesl,bklieslia@reddit.com,mouse,9,4/26/2024
660,Fernanda Labrenz,flabrenzib@weibo.com,Laptop,28,9/10/2024
661,Roderigo Suddards,rsuddardsic@google.cn,Headset,6,2/1/2024
662,Ryun Spaice,rspaiceid@hc360.com,speaker,35,12/15/2024
663,Oneida Connerry,oconnerryie@gizmodo.com,webcam,40,1/9/2024
664,Matty Faulder,mfaulderif@ucoz.com,Laptop,41,12/23/2023
665,Bellanca Rounds,broundsig@github.io,samrtphone,15,4/1/2024
666,Baird Prangnell,bprangnellih@prweb.com,samrtphone,33,9/19/2024
667,Kingston Domelow,kdomelowii@livejournal.com,Headset,18,8/10/2024
668,Leonora Schoales,lschoalesij@is.gd,mouse,28,4/12/2024
669,Charissa Oddey,coddeyik@google.fr,microphone,6,5/2/2024
670,Albertine Haldin,ahaldinil@domainmarket.com,microphone,29,1/12/2024
671,Emmanuel Excell,eexcellim@rakuten.co.jp,mouse,21,9/12/2024
672,Tades Collerd,tcollerdin@accuweather.com,Laptop,37,10/6/2024
673,Pincas Brazil,pbrazilio@moonfruit.com,komputer,44,8/22/2024
674,Lenka Tumulty,ltumultyip@a8.net,keyboard,35,2/9/2024
675,Izak Pinchback,ipinchbackiq@skype.com,komputer,39,11/21/2024
676,Peyter Aspital,paspitalir@usnews.com,mouse,33,9/24/2024
677,Beryle Aubray,baubrayis@moonfruit.com,webcam,19,12/27/2024
678,Ingelbert Aggiss,iaggissit@nifty.com,microphone,15,8/25/2024
679,Gayle Weaver,gweaveriu@blog.com,samrtphone,15,4/8/2024
680,Rosalyn Thorns,rthornsiv@github.io,Headset,17,8/18/2024
681,Durante Ethridge,dethridgeiw@marriott.com,microphone,29,12/19/2023
682,Wallache Poolton,wpooltonix@soup.io,microphone,13,3/17/2024
683,Demetris Thieme,dthiemeiy@blog.com,keyboard,5,5/4/2024
684,Natalee Rutland,nrutlandiz@dmoz.org,samrtphone,26,3/1/2024
685,Teodoor Allom,tallomj0@webnode.com,microphone,35,4/19/2024
686,Seline Glazebrook,sglazebrookj1@ox.ac.uk,samrtphone,27,1/21/2024
687,Gusta Vousden,gvousdenj2@nhs.uk,webcam,11,5/28/2024
688,Raynell Domerq,rdomerqj3@google.ru,komputer,5,10/22/2024
689,Jan Hastings,jhastingsj4@i2i.jp,komputer,37,8/23/2024
690,Goldarina Minchindon,gminchindonj5@state.tx.us,samrtphone,28,2/11/2024
691,Izabel Gathwaite,igathwaitej6@nyu.edu,komputer,11,9/11/2024
692,Tobye Hoonahan,thoonahanj7@bloomberg.com,webcam,42,12/16/2024
693,Oren Deary,odearyj8@instagram.com,keyboard,23,2/18/2024
694,Dasi Groves,dgrovesj9@scribd.com,Laptop,50,12/20/2024
695,Mahmoud Brownhill,mbrownhillja@nbcnews.com,mouse,38,2/15/2024
696,Gilli Pessold,gpessoldjb@sohu.com,microphone,36,3/23/2024
697,Jermain Sange,jsangejc@howstuffworks.com,speaker,42,8/27/2024
698,Letizia Lachaize,llachaizejd@digg.com,microphone,43,4/5/2024
699,Misha Deacock,mdeacockje@amazonaws.com,keyboard,50,11/25/2024
700,Myrah Ubsdell,mubsdelljf@mayoclinic.com,samrtphone,45,2/25/2024
701,Crissie Breydin,cbreydinjg@goo.ne.jp,keyboard,46,5/24/2024
702,Carrie Devonport,cdevonportjh@google.pl,samrtphone,15,8/9/2024
703,Gillan O'Nion,gonionji@deliciousdays.com,mouse,44,10/14/2024
704,Coraline Kasher,ckasherjj@aol.com,samrtphone,23,3/11/2024
705,Bertie Baltrushaitis,bbaltrushaitisjk@yellowbook.com,Laptop,31,9/23/2024
706,Bronson Cargill,bcargilljl@google.de,speaker,48,12/18/2024
707,Josy Husselbee,jhusselbeejm@spotify.com,speaker,32,6/14/2024
708,Kurtis Hopfner,khopfnerjn@github.io,speaker,4,6/2/2024
709,Cynthia Lummis,clummisjo@wp.com,mouse,7,7/17/2024
710,Markus Jarley,mjarleyjp@soundcloud.com,keyboard,47,6/4/2024
711,Augustine Earie,aeariejq@imageshack.us,webcam,26,10/2/2024
712,Ethelin Stodd,estoddjr@elpais.com,keyboard,23,10/22/2024
713,Marne Wasiela,mwasielajs@unc.edu,samrtphone,25,10/21/2024
714,Kirstyn Tripon,ktriponjt@sourceforge.net,mouse,46,11/28/2024
715,Jimmy O'Gaven,jogavenju@yahoo.co.jp,webcam,20,2/21/2024
716,Noellyn Corrigan,ncorriganjv@nsw.gov.au,Laptop,14,2/3/2024
717,Nelle Dennerley,ndennerleyjw@51.la,speaker,8,8/3/2024
718,Sidnee Huscroft,shuscroftjx@friendfeed.com,speaker,48,12/26/2023
719,Else Benbrick,ebenbrickjy@qq.com,speaker,37,5/8/2024
720,Valli Warbey,vwarbeyjz@blinklist.com,webcam,37,8/8/2024
721,Othilie Dalgety,odalgetyk0@uol.com.br,Laptop,17,12/8/2024
722,Koenraad Guirardin,kguirardink1@illinois.edu,komputer,12,10/15/2024
723,Kevin O'Hallihane,kohallihanek2@exblog.jp,speaker,23,11/30/2024
724,Nanny Comber,ncomberk3@miitbeian.gov.cn,Headset,12,5/12/2024
725,Rhona McGannon,rmcgannonk4@alexa.com,microphone,4,9/18/2024
726,Lulu Crotch,lcrotchk5@alibaba.com,Laptop,42,3/29/2024
727,Beauregard Rushmer,brushmerk6@pinterest.com,mouse,35,5/8/2024
728,Derry McCardle,dmccardlek7@hibu.com,mouse,17,2/9/2024
729,Harrison Saggers,hsaggersk8@behance.net,keyboard,23,11/5/2024
730,Ambur Scrymgeour,ascrymgeourk9@opensource.org,komputer,28,6/8/2024
731,Laetitia Andreou,landreouka@sphinn.com,webcam,20,9/16/2024
732,Corene Rogge,croggekb@nationalgeographic.com,Laptop,48,1/28/2024
733,Vivianna Tabor,vtaborkc@wix.com,komputer,26,10/9/2024
734,Pietrek Carslake,pcarslakekd@wix.com,microphone,31,12/20/2023
735,Caye Hyndson,chyndsonke@bluehost.com,Headset,33,1/29/2024
736,Arnie Bough,aboughkf@dion.ne.jp,mouse,32,6/17/2024
737,Wendall Mennithorp,wmennithorpkg@hhs.gov,mouse,14,5/13/2024
738,Mitchel Sandys,msandyskh@feedburner.com,Headset,14,12/27/2023
739,Nichole Tommasuzzi,ntommasuzziki@yelp.com,webcam,50,12/19/2024
740,Minnaminnie Winchurch,mwinchurchkj@dot.gov,webcam,44,10/30/2024
741,Jermain Sieb,jsiebkk@g.co,mouse,5,9/19/2024
742,Jedd Durnford,jdurnfordkl@godaddy.com,Laptop,21,7/19/2024
743,Hew Goodley,hgoodleykm@sfgate.com,keyboard,36,11/10/2024
744,Zabrina Dominichetti,zdominichettikn@bbb.org,samrtphone,50,5/23/2024
745,Rowland Mix,rmixko@vimeo.com,webcam,4,2/28/2024
746,Casandra Jeschner,cjeschnerkp@ebay.com,komputer,25,11/19/2024
747,Celia Hardingham,chardinghamkq@whitehouse.gov,Headset,45,10/27/2024
748,Neale Jovanovic,njovanovickr@mapquest.com,Headset,1,12/20/2024
749,Domeniga Torres,dtorresks@stumbleupon.com,microphone,40,3/12/2024
750,Sallie Guerro,sguerrokt@cdbaby.com,Laptop,15,7/9/2024
751,Consuela Heigho,cheighoku@washingtonpost.com,Headset,19,9/28/2024
752,Wilfred Tregidga,wtregidgakv@cocolog-nifty.com,komputer,23,10/29/2024
753,Connie Cowton,ccowtonkw@icq.com,webcam,17,1/19/2024
754,Elsbeth Fonzo,efonzokx@hostgator.com,komputer,22,2/1/2024
755,Kellyann Marchington,kmarchingtonky@virginia.edu,microphone,10,8/25/2024
756,Roobbie Dahle,rdahlekz@simplemachines.org,webcam,5,4/18/2024
757,Leilah Manby,lmanbyl0@squarespace.com,Headset,24,9/21/2024
758,Katine Guilliatt,kguilliattl1@netlog.com,samrtphone,13,4/13/2024
759,Katharina Lehrmann,klehrmannl2@dailymotion.com,Headset,5,4/26/2024
760,Marni Garfitt,mgarfittl3@gmpg.org,keyboard,33,12/19/2024
761,Bud Dart,bdartl4@spiegel.de,mouse,49,7/22/2024
762,Erda Cotterrill,ecotterrilll5@edublogs.org,speaker,8,4/3/2024
763,Otis Castilla,ocastillal6@nymag.com,Headset,20,4/17/2024
764,Mickey Crummey,mcrummeyl7@instagram.com,Headset,32,1/23/2024
765,Bev Cornier,bcornierl8@europa.eu,speaker,45,11/6/2024
766,Ludwig Stote,lstotel9@google.com,Laptop,20,8/20/2024
767,Peirce Kelland,pkellandla@mozilla.com,microphone,26,9/30/2024
768,Karlene Tippett,ktippettlb@discovery.com,Headset,46,2/11/2024
769,Kira Southway,ksouthwaylc@diigo.com,samrtphone,21,6/26/2024
770,Jayson Ivanisov,jivanisovld@printfriendly.com,Laptop,49,3/28/2024
771,Itch Bedminster,ibedminsterle@com.com,mouse,18,12/22/2023
772,Mort Cancellario,mcancellariolf@mayoclinic.com,Headset,6,11/26/2024
773,Jocelyne Dict,jdictlg@last.fm,keyboard,46,11/21/2024
774,Seymour Ballach,sballachlh@furl.net,speaker,19,2/6/2024
775,Stesha Myerscough,smyerscoughli@chronoengine.com,samrtphone,32,12/13/2024
776,Alberta O'Corren,aocorrenlj@si.edu,webcam,40,7/15/2024
777,Anastassia Covington,acovingtonlk@themeforest.net,mouse,10,12/2/2024
778,Barnett Martini,bmartinill@meetup.com,Laptop,21,7/14/2024
779,Chevy Hatrey,chatreylm@twitter.com,Laptop,2,10/9/2024
780,Kaleena MacGeffen,kmacgeffenln@craigslist.org,webcam,4,2/11/2024
781,Tadio Amsden,tamsdenlo@xing.com,komputer,12,7/10/2024
782,Rickie Welldrake,rwelldrakelp@toplist.cz,mouse,4,7/12/2024
783,Shelly Matveyev,smatveyevlq@ca.gov,Headset,3,8/5/2024
784,Saraann Folshom,sfolshomlr@yahoo.co.jp,speaker,21,6/25/2024
785,Welby Arnolds,warnoldsls@umich.edu,webcam,24,10/20/2024
786,Siana Road,sroadlt@nifty.com,microphone,21,7/20/2024
787,Nara Raymont,nraymontlu@hubpages.com,Headset,5,4/18/2024
788,Che Stabler,cstablerlv@china.com.cn,komputer,10,3/5/2024
789,Fancy Tremolieres,ftremoliereslw@disqus.com,keyboard,11,9/9/2024
790,Pier Garrelts,pgarreltslx@about.me,keyboard,31,9/28/2024
791,Jaquelyn Chaize,jchaizely@vinaora.com,speaker,35,7/30/2024
792,Nikkie Androck,nandrocklz@gizmodo.com,komputer,35,10/29/2024
793,Clevey Dollman,cdollmanm0@dailymail.co.uk,komputer,24,10/30/2024
794,Allissa Coode,acoodem1@ning.com,webcam,21,3/8/2024
795,Angy Kubicki,akubickim2@bluehost.com,komputer,1,2/22/2024
796,Cally Absolom,cabsolomm3@nifty.com,webcam,28,11/30/2024
797,Guthry Shelf,gshelfm4@meetup.com,Headset,2,12/26/2024
798,Jobye Lowne,jlownem5@github.com,Headset,46,9/10/2024
799,Kristel Mityushin,kmityushinm6@tinyurl.com,Headset,4,7/18/2024
800,Peggy Jojic,pjojicm7@jigsy.com,komputer,24,4/18/2024
801,Diannne Cloute,dcloutem8@studiopress.com,mouse,45,6/24/2024
802,Bronny Stobbs,bstobbsm9@mozilla.org,keyboard,24,6/12/2024
803,Vaughn Mashal,vmashalma@ca.gov,Headset,37,1/4/2024
804,Wynny Friese,wfriesemb@marriott.com,samrtphone,8,3/16/2024
805,Ralph Dowdeswell,rdowdeswellmc@answers.com,mouse,17,8/21/2024
806,Mellie Comino,mcominomd@elegantthemes.com,mouse,40,12/6/2023
807,Roberto Fantin,rfantinme@pinterest.com,microphone,21,11/29/2024
808,Hagen Densumbe,hdensumbemf@ovh.net,Headset,43,8/24/2024
809,Gilbertina Bottrill,gbottrillmg@youku.com,mouse,36,3/4/2024
810,Stanford Rookwell,srookwellmh@dell.com,keyboard,21,12/15/2023
811,Anni Paynes,apaynesmi@si.edu,speaker,48,12/13/2024
812,Valery Radolf,vradolfmj@ihg.com,keyboard,46,9/4/2024
813,Elisabetta Liverock,eliverockmk@123-reg.co.uk,Laptop,2,9/9/2024
814,Vivi Kacheller,vkachellerml@4shared.com,microphone,46,10/2/2024
815,Madalena Sofe,msofemm@plala.or.jp,mouse,35,3/28/2024
816,Elly Berns,ebernsmn@auda.org.au,keyboard,4,2/26/2024
817,Annamarie Stanway,astanwaymo@time.com,Laptop,40,5/30/2024
818,Tandy Nestor,tnestormp@macromedia.com,komputer,10,3/5/2024
819,Glenden Golborn,ggolbornmq@theguardian.com,keyboard,47,7/7/2024
820,Spenser O'Bruen,sobruenmr@bluehost.com,Laptop,5,6/14/2024
821,Rhona Chrstine,rchrstinems@loc.gov,keyboard,16,1/4/2024
822,Koral Ferri,kferrimt@marriott.com,webcam,17,2/21/2024
823,Jacobo Desson,jdessonmu@google.com.hk,Laptop,33,2/28/2024
824,Dell Puttrell,dputtrellmv@cbsnews.com,webcam,32,7/9/2024
825,Lowrance Conklin,lconklinmw@microsoft.com,keyboard,19,4/3/2024
826,Rubetta Croster,rcrostermx@npr.org,Headset,14,9/4/2024
827,Mahmoud Shemmans,mshemmansmy@example.com,microphone,13,8/16/2024
828,Ulrich Bonevant,ubonevantmz@cnn.com,speaker,26,4/30/2024
829,Nanny Jaszczak,njaszczakn0@blogs.com,microphone,8,12/9/2024
830,Lloyd Hyman,lhymann1@smh.com.au,samrtphone,45,11/15/2024
831,Rona Cusick,rcusickn2@domainmarket.com,samrtphone,40,3/13/2024
832,Regina Boxell,rboxelln3@si.edu,keyboard,9,9/20/2024
833,Serena Dodge,sdodgen4@comcast.net,mouse,38,9/28/2024
834,Drucie Imbrey,dimbreyn5@taobao.com,komputer,13,3/29/2024
835,Ruthi Foye,rfoyen6@linkedin.com,microphone,33,12/22/2023
836,Keri Von Salzberg,kvonn7@uiuc.edu,speaker,4,5/7/2024
837,Elsworth Causnett,ecausnettn8@opensource.org,keyboard,19,7/18/2024
838,Dietrich Sygroves,dsygrovesn9@merriam-webster.com,mouse,22,6/6/2024
839,Bayard Mangion,bmangionna@booking.com,keyboard,41,5/2/2024
840,Lacie Biskup,lbiskupnb@opera.com,webcam,13,6/2/2024
841,Koenraad Borthwick,kborthwicknc@princeton.edu,mouse,48,10/23/2024
842,Tobi Mailes,tmailesnd@shareasale.com,webcam,17,12/29/2024
843,Haroun Kernoghan,hkernoghanne@domainmarket.com,Laptop,23,8/5/2024
844,Frasquito Nicklen,fnicklennf@umich.edu,Laptop,26,6/14/2024
845,Rene Barrat,rbarratng@feedburner.com,microphone,30,12/28/2023
846,Tory Vittery,tvitterynh@auda.org.au,microphone,16,4/8/2024
847,Talya Vettore,tvettoreni@zimbio.com,keyboard,15,4/24/2024
848,Edsel Sedman,esedmannj@china.com.cn,samrtphone,38,1/1/2024
849,Marie-ann Snalum,msnalumnk@cdc.gov,webcam,43,11/6/2024
850,Abba Kollaschek,akollascheknl@ebay.co.uk,Laptop,7,5/29/2024
851,Thibaut Kirtlan,tkirtlannm@jigsy.com,speaker,37,2/1/2024
852,Karlee Jewes,kjewesnn@4shared.com,Laptop,5,5/9/2024
853,Niven Lagde,nlagdeno@artisteer.com,Headset,32,12/21/2024
854,Minta Scoffins,mscoffinsnp@google.es,Headset,11,10/7/2024
855,Nonnah Burles,nburlesnq@reference.com,mouse,26,12/11/2024
856,Rafaelia Vinnick,rvinnicknr@sourceforge.net,Headset,23,1/30/2024
857,Aeriela Grundwater,agrundwaterns@wikipedia.org,samrtphone,35,10/16/2024
858,Aryn Perry,aperrynt@ucla.edu,keyboard,50,12/14/2024
859,Hildegaard Mattusov,hmattusovnu@umich.edu,keyboard,49,1/4/2024
860,Pauli Dungate,pdungatenv@unicef.org,speaker,28,6/23/2024
861,Scot Casol,scasolnw@columbia.edu,webcam,11,10/25/2024
862,Nonnah Norsister,nnorsisternx@blogger.com,samrtphone,44,11/20/2024
863,Adham Ricks,aricksny@com.com,webcam,24,9/1/2024
864,Aggie Poutress,apoutressnz@businessinsider.com,Headset,23,1/26/2024
865,Constantin Tesche,ctescheo0@addtoany.com,Headset,25,5/25/2024
866,Leelah Klosges,lklosgeso1@businesswire.com,komputer,35,1/17/2024
867,Dicky Eddowis,deddowiso2@comcast.net,Headset,3,11/24/2024
868,Benton Nind,bnindo3@eventbrite.com,komputer,50,3/23/2024
869,Esme Kestian,ekestiano4@gmpg.org,samrtphone,14,10/8/2024
870,Barr Castelain,bcastelaino5@sfgate.com,webcam,36,2/18/2024
871,Devinne Ravens,dravenso6@wikispaces.com,samrtphone,19,11/2/2024
872,Walker Cheake,wcheakeo7@nps.gov,komputer,42,7/8/2024
873,Alfreda Bleas,ableaso8@mysql.com,komputer,10,5/31/2024
874,Rita McPaike,rmcpaikeo9@japanpost.jp,keyboard,10,1/22/2024
875,Jae Ghidoni,jghidonioa@marketwatch.com,komputer,15,5/30/2024
876,Hakeem Hancox,hhancoxob@icq.com,Laptop,26,10/26/2024
877,Neely Treasaden,ntreasadenoc@time.com,microphone,12,9/13/2024
878,Liza Cloney,lcloneyod@t-online.de,speaker,29,1/24/2024
879,Sheffield Orrock,sorrockoe@ehow.com,Headset,23,8/1/2024
880,Rose Kubicki,rkubickiof@icq.com,webcam,5,6/7/2024
881,Pooh Burney,pburneyog@yellowbook.com,Headset,9,10/17/2024
882,Cahra Thomsen,cthomsenoh@yellowpages.com,microphone,21,8/18/2024
883,Doralynne Cuseick,dcuseickoi@wikia.com,keyboard,46,1/11/2024
884,Milt Frankiss,mfrankissoj@cdc.gov,Laptop,3,1/2/2024
885,Moshe Dallin,mdallinok@wufoo.com,samrtphone,19,12/31/2023
886,Stinky Dionsetto,sdionsettool@parallels.com,speaker,43,7/6/2024
887,Jerrilyn Torbard,jtorbardom@cbc.ca,mouse,18,10/1/2024
888,Linnell Volkers,lvolkerson@netvibes.com,Headset,30,8/4/2024
889,Wake Weitzel,wweitzeloo@foxnews.com,komputer,48,5/4/2024
890,Rosalie Kolin,rkolinop@nifty.com,keyboard,34,1/24/2024
891,Jaymie Buntine,jbuntineoq@rediff.com,webcam,18,8/23/2024
892,Tito Maunton,tmauntonor@clickbank.net,keyboard,5,12/10/2023
893,Jervis Radolf,jradolfos@mail.ru,speaker,6,3/13/2024
894,Wallie Maunders,wmaundersot@sun.com,keyboard,46,8/22/2024
895,Morgan Hibbart,mhibbartou@ucoz.com,Laptop,7,7/22/2024
896,Eran Brimilcome,ebrimilcomeov@infoseek.co.jp,mouse,7,11/11/2024
897,Ambrosi Enser,aenserow@ucoz.ru,Laptop,32,9/8/2024
898,Esra Epinay,eepinayox@woothemes.com,keyboard,5,6/9/2024
899,Barbabra Danks,bdanksoy@biglobe.ne.jp,mouse,13,12/22/2024
900,Hagen Tomei,htomeioz@skype.com,webcam,4,11/23/2024
901,Maribel Torres,mtorresp0@rediff.com,mouse,18,2/21/2024
902,Yolanda Maker,ymakerp1@accuweather.com,speaker,15,3/12/2024
903,Wilbert Huggon,whuggonp2@earthlink.net,komputer,46,12/2/2024
904,Dorthea Vowell,dvowellp3@netscape.com,komputer,46,11/24/2024
905,Tedie Sline,tslinep4@go.com,samrtphone,45,5/2/2024
906,Thomasina Jales,tjalesp5@furl.net,webcam,7,12/27/2024
907,Boyd Bugden,bbugdenp6@omniture.com,Headset,28,3/16/2024
908,Rabi Lundberg,rlundbergp7@icio.us,komputer,36,12/26/2023
909,Alyson Caine,acainep8@meetup.com,samrtphone,29,8/6/2024
910,Bradley Ross,brossp9@webeden.co.uk,Headset,46,12/2/2023
911,Mathilda Eate,meatepa@google.fr,komputer,23,2/8/2024
912,Sal Rumbold,srumboldpb@boston.com,Laptop,40,7/23/2024
913,Elfrida Willingale,ewillingalepc@clickbank.net,keyboard,13,12/17/2024
914,Dorolisa Jimmes,djimmespd@acquirethisname.com,komputer,26,6/10/2024
915,Carena Innwood,cinnwoodpe@telegraph.co.uk,webcam,44,6/4/2024
916,Ebenezer Folkerts,efolkertspf@blog.com,microphone,30,6/13/2024
917,Janeva Bratt,jbrattpg@nymag.com,speaker,20,3/7/2024
918,Celina Pretorius,cpretoriusph@ox.ac.uk,mouse,31,5/12/2024
919,Addie Pluthero,aplutheropi@illinois.edu,microphone,45,3/10/2024
920,Fanya Wackett,fwackettpj@seattletimes.com,komputer,35,6/11/2024
921,Mel Cisneros,mcisnerospk@typepad.com,keyboard,41,5/10/2024
922,Cherilyn Judson,cjudsonpl@constantcontact.com,Laptop,20,3/25/2024
923,Crystie Dobbison,cdobbisonpm@prweb.com,webcam,40,3/19/2024
924,Sancho Ollenbuttel,sollenbuttelpn@dell.com,microphone,28,12/30/2023
925,Paten Rollin,prollinpo@i2i.jp,samrtphone,43,10/6/2024
926,Sadye Gaunt,sgauntpp@domainmarket.com,Laptop,38,1/30/2024
927,Wilek Anstead,wansteadpq@fotki.com,samrtphone,30,10/22/2024
928,Stacee Seint,sseintpr@netscape.com,webcam,30,12/20/2023
929,Bernardo Lassen,blassenps@eepurl.com,webcam,33,8/7/2024
930,Iver McCathie,imccathiept@tinypic.com,keyboard,13,10/21/2024
931,Rorke Father,rfatherpu@pagesperso-orange.fr,Headset,43,10/11/2024
932,Stevy Hubach,shubachpv@reuters.com,webcam,21,10/8/2024
933,Meridel Lynagh,mlynaghpw@creativecommons.org,samrtphone,38,12/8/2023
934,Latrina Pail,lpailpx@dmoz.org,Laptop,21,2/13/2024
935,Elvin Ferrara,eferrarapy@abc.net.au,speaker,39,11/22/2024
936,Kane Parcall,kparcallpz@amazonaws.com,keyboard,47,9/16/2024
937,Falito Scotson,fscotsonq0@omniture.com,keyboard,33,8/28/2024
938,Maura Strongitharm,mstrongitharmq1@domainmarket.com,Laptop,24,7/4/2024
939,Loutitia Garrad,lgarradq2@surveymonkey.com,Headset,40,4/9/2024
940,Helaine Mildner,hmildnerq3@cbc.ca,webcam,1,1/30/2024
941,Maurizia Imesen,mimesenq4@hostgator.com,speaker,50,2/2/2024
942,Pascale Rylance,prylanceq5@samsung.com,speaker,13,8/8/2024
943,Randall Emlen,remlenq6@yellowpages.com,microphone,39,6/9/2024
944,Kettie Harbord,kharbordq7@xinhuanet.com,microphone,21,8/27/2024
945,Shirley Threlkeld,sthrelkeldq8@ameblo.jp,speaker,24,6/25/2024
946,Aeriell Lapley,alapleyq9@google.nl,speaker,12,12/5/2024
947,Sybila Scone,ssconeqa@smugmug.com,Laptop,3,12/17/2024
948,Hercules Tolmie,htolmieqb@delicious.com,speaker,30,8/26/2024
949,Jarret Snelle,jsnelleqc@gov.uk,webcam,50,12/27/2024
950,Elwira Dall,edallqd@unc.edu,komputer,9,7/29/2024
951,Oberon Meachem,omeachemqe@xing.com,mouse,6,10/9/2024
952,Timofei Sansome,tsansomeqf@wunderground.com,Headset,18,12/14/2023
953,Maynard Phillpotts,mphillpottsqg@disqus.com,Headset,5,5/25/2024
954,Harlin Brasseur,hbrasseurqh@jugem.jp,Laptop,26,9/3/2024
955,Ashlie Golagley,agolagleyqi@cbslocal.com,Laptop,16,8/24/2024
956,Udall Purcell,upurcellqj@un.org,komputer,43,1/21/2024
957,Rutherford Ferrari,rferrariqk@nba.com,Laptop,3,10/2/2024
958,Trix Accombe,taccombeql@mozilla.org,komputer,2,6/25/2024
959,Tedra Odam,todamqm@house.gov,mouse,3,8/5/2024
960,Allyce De Michele,adeqn@live.com,microphone,49,8/7/2024
961,Silvano Illsley,sillsleyqo@buzzfeed.com,mouse,3,8/19/2024
962,Mortie Baiyle,mbaiyleqp@spiegel.de,komputer,32,8/22/2024
963,Benita Powling,bpowlingqq@spotify.com,microphone,28,12/29/2024
964,Jacqueline Mongin,jmonginqr@webeden.co.uk,mouse,31,1/20/2024
965,Malory Tiernan,mtiernanqs@dion.ne.jp,Headset,37,10/6/2024
966,Charis Mothersole,cmothersoleqt@soup.io,Laptop,8,9/15/2024
967,Sibley Pressey,spresseyqu@cornell.edu,mouse,25,12/26/2024
968,Siobhan Westney,swestneyqv@reuters.com,mouse,28,2/28/2024
969,Araldo Minghetti,aminghettiqw@google.co.uk,Headset,12,5/20/2024
970,Brinna Creak,bcreakqx@uiuc.edu,speaker,28,5/23/2024
971,Meggie Labbet,mlabbetqy@reference.com,komputer,14,2/8/2024
972,Cross Windrus,cwindrusqz@omniture.com,komputer,34,5/10/2024
973,Amata Sudran,asudranr0@discovery.com,Headset,20,8/7/2024
974,Kati Backhouse,kbackhouser1@skyrock.com,webcam,36,1/12/2024
975,Nikolaus Bloodworthe,nbloodworther2@google.com,komputer,40,12/2/2024
976,Bradley Haynesford,bhaynesfordr3@about.me,webcam,33,6/21/2024
977,Oralie Birkwood,obirkwoodr4@toplist.cz,samrtphone,21,3/2/2024
978,Griffith Mesnard,gmesnardr5@dedecms.com,microphone,33,12/27/2024
979,Linnea Odcroft,lodcroftr6@smugmug.com,mouse,7,8/15/2024
980,Lettie Boud,lboudr7@discuz.net,komputer,3,1/13/2024
981,Husain Castaneda,hcastanedar8@patch.com,keyboard,10,11/28/2024
982,Alexio Antcliff,aantcliffr9@earthlink.net,Laptop,2,9/21/2024
983,Terrell Phoenix,tphoenixra@artisteer.com,komputer,12,10/19/2024
984,Celesta Whitnall,cwhitnallrb@domainmarket.com,webcam,8,11/4/2024
985,Dorthea Borkett,dborkettrc@psu.edu,komputer,37,1/17/2024
986,Torey Fryer,tfryerrd@japanpost.jp,Laptop,47,11/14/2024
987,Fern Redhills,fredhillsre@state.tx.us,Headset,14,12/14/2023
988,Cointon Orrah,corrahrf@icq.com,webcam,10,10/1/2024
989,Donalt Menghi,dmenghirg@ucoz.ru,keyboard,50,5/15/2024
990,Rodrique Stanislaw,rstanislawrh@quantcast.com,speaker,15,6/13/2024
991,Lona Headech,lheadechri@latimes.com,microphone,38,11/17/2024
992,Winnifred McCusker,wmccuskerrj@spotify.com,samrtphone,30,4/15/2024
993,Darya Cosens,dcosensrk@smh.com.au,samrtphone,18,6/13/2024
994,Rudolfo Summersby,rsummersbyrl@angelfire.com,mouse,20,7/6/2024
995,Andee Ryle,arylerm@icq.com,speaker,9,5/31/2024
996,Danya Broadley,dbroadleyrn@blinklist.com,samrtphone,21,6/18/2024
997,Lianne Futter,lfutterro@quantcast.com,samrtphone,19,5/26/2024
998,Cari Bignold,cbignoldrp@jimdo.com,keyboard,15,3/31/2024
999,Shellie Kelle,skellerq@craigslist.org,microphone,4,8/29/2024
1000,Abrahan Hannigan,ahanniganrr@mashable.com,samrtphone,12,1/2/2024
